{"cameraMode":{"drawMode":0,"name":"Shaded","section":"Shading Mode"},"sceneLighting":false,"audioPlay":false,"sceneViewState":{"showFog":true,"showMaterialUpdate":false,"showSkybox":true,"showFlares":true,"showImageEffects":true,"showParticleSystems":true},"in2DMode":false,"pivot":{"x":1852.7098388671875,"y":-1516.5908203125,"z":458.31317138671877},"rotation":{"x":0.634911835193634,"y":0.0034798933193087579,"z":-0.0028570001013576986,"w":0.7725715041160584},"size":4965.34375,"orthographic":false}